-0.26,-0.91,-1
0.61,0.34,1
0.66,-0.29,1
0.6,0.51,1
-0.31,0.22,1
-0.18,-0.96,-1
-0.75,-0.78,-1
-0.72,0.41,1
0.32,0.99,1
0.46,-0.89,-1
-0.73,0.69,1
0.41,0.9,1
-0.78,0.2,1
-0.6,0.76,1
-0.77,0.06,1
0.79,-0.7,-1
-0.78,0.84,1
-0.61,-0.03,1
-0.01,-0.99,-1
-0.21,-0.86,-1
-0.78,-0.22,1
-0.46,0.81,1
-0.3,0.36,1
0.39,-0.83,-1
0.34,0.89,1
0.74,0.35,1
-0.47,-0.75,-1
-0.57,-0.65,-1
-0.47,0.14,1
-0.06,-0.39,-1
-0.18,0.53,1
0.71,-0.86,-1
-0.46,-0.7,-1
0.22,0.4,1
0.96,-0.46,1
-0.3,0.97,1
0.59,-0.85,-1
-0.44,0.98,1
-0.4,-0.39,-1
-0.49,0.91,1
-0.75,-0.84,-1
0.5,0.96,1
-0.26,-0.93,-1
-0.64,0.01,1
0.09,0.4,1
0.44,0.84,1
-0.1,-0.83,-1
-0.78,-0.71,-1
-0.71,0.6,1
-0.87,0.83,1
0.32,0.81,1
-0.11,0.64,1
-0.64,-0.09,1
0.26,-0.9,-1
-0.98,0.74,1
0.05,-0.95,-1
-0.01,-0.65,-1
0.84,0.95,1
-0.57,-0.08,1
-0.24,-0.73,-1
0.77,-0.56,1
-0.6,-0.43,1
-0.04,0.31,1
0.53,-0.99,-1
0.45,0.82,1
0.58,-0.79,-1
0.53,0.67,1
0.14,-0.68,-1
-0.28,-0.27,-1
-0.21,-0.34,-1
0.02,-0.03,-1
0.92,0.68,1
-0.66,0.83,1
-0.85,-0.64,1
0.66,-0.97,-1
0.08,0.97,1
-0.95,-0.68,1
0.49,0.72,1
0.73,0.35,1
0.43,-0.26,1
0.51,-0.99,-1
0.14,0.09,1
0.35,0.96,1
-0.23,0.45,1
-0.4,0.2,1
0.54,0.94,1
0.98,0.15,1
-0.88,-0.16,1
0.55,-0.55,-1
0.57,0.15,1
0.28,0.2,1
0.08,0.67,1
-0.16,0.56,1
-0.04,-0.14,-1
-0.68,0.34,1
-0.86,-0.57,1
-0.33,0.62,1
0.31,0.9,1
0.55,-0.55,-1
0.02,0.59,1
0.48,0.61,1
0.53,-0.01,1
0.24,-0.12,-1
-0.32,-0.86,-1
0.39,0.07,1
-1,-0.96,1
1,-0.48,1
0.65,0.04,1
0.26,0.56,1
0.1,-0.81,-1
-0.66,0.5,1
0.7,0.13,1
0.19,0.13,1
0.98,0.91,1
-0.56,-0.48,-1
-0.07,-0.24,-1
0.11,0.87,1
0.7,-0.81,-1
-0.54,0.28,1
-0.09,-0.24,-1
0.21,-0.29,-1
0,0.86,1
-0.39,-0.57,-1
0.26,1,1
-0.7,-0.78,-1
0.36,-0.2,1
-0.66,0.85,1
-0.97,0.68,1
0.27,-0.7,-1
0.8,0.41,1
-0.2,0.89,1
-0.05,-0.75,-1
-0.34,0.72,1
0.19,-0.51,-1
-0.47,0.44,1
-0.02,0.79,1
-0.29,-0.07,1
0.21,-0.28,-1
-0.39,0.54,1
-0.01,-0.46,-1
0.52,-0.7,-1
-0.93,0.5,1
0.3,-0.26,-1
-0.6,0.05,1
-0.81,0.72,1
0.13,-0.15,-1
-0.93,0.99,1
-0.48,0.79,1
-0.96,-0.91,1
0.87,-0.58,1
0.45,0.45,1
-0.67,-0.24,1
0.74,0.09,1
0.66,-0.56,-1
0.23,-0.4,-1
0.28,-0.13,-1
0.15,-0.37,-1
0.13,-0.71,-1
-0.07,0.31,1
0.38,-0.14,-1
-0.55,-0.42,-1
-0.15,-0.48,-1
0.26,0.46,1
-0.69,-0.88,-1
0.19,0.58,1
-0.49,0.12,1
-0.45,0.06,1
0.93,0.4,1
0.97,-0.9,1
0.01,0.27,1
-0.33,-0.14,1
0.71,0.2,1
-0.24,0.55,1
0.94,-0.3,1
-0.6,0.35,1
0.65,-0.58,-1
-0.04,-0.72,-1
0.26,0.96,1
-0.11,-0.86,-1
0.02,0.45,1
-0.9,0.18,1
-0.17,-0.51,-1
-0.03,0.88,1
-0.99,0.75,1
-0.58,-0.51,-1
-0.3,0.48,1
-0.81,0.09,1
0.92,0.89,1
0.5,0.58,1
0.85,0.35,1
-0.32,-0.2,1
0.01,-0.78,-1
0.59,0.6,1
-0.07,-0.63,-1
0.19,-0.33,-1
0.8,-0.04,1
0.17,0.38,1
-0.1,-0.89,-1
-0.38,-0.15,1
0.46,-0.82,-1
-0.12,-0.35,-1
-0.94,-0.63,1
-0.01,0.65,1
0.33,-0.81,-1
0.71,-0.73,-1
-0.13,-0.15,-1
-0.45,-0.61,-1
-0.76,-0.23,1
0.17,-0.21,-1
0.24,-0.2,-1
-0.94,0.24,1
0.53,-0.67,-1
0.76,-0.08,1
-1,-0.75,1
-0.47,-0.39,-1
0.98,0.25,1
-0.06,-0.66,-1
0.58,-0.34,1
-0.3,-0.84,-1
0.19,-0.28,-1
-0.53,0.47,1
0.47,-0.4,-1
-0.37,-0.39,-1
0.59,0.07,1
-0.92,-0.78,-1
-0.05,0.14,1
0.66,0.64,1
0.58,0.86,1
-0.7,0.32,1
-0.58,0.53,1
-0.89,0.46,1
-0.33,-0.47,-1
-0.58,-0.47,-1
-0.16,-0.32,-1
0.27,-0.47,-1
-0.89,0.24,1
-0.16,-0.57,-1
-0.57,-0.56,-1
0.15,-0.68,-1
0.65,-0.26,1
-0.15,-0.87,-1
0.48,0.08,1
-0.45,-1,-1
-0.42,-0.33,-1
0.02,0.87,1
0.99,0.08,1
0.89,-0.42,1
0.49,0.77,1
-0.85,-0.07,1
-0.27,0.84,1
0.16,0.63,1
0.48,-0.86,-1
-0.93,-0.93,-1
-0.61,-0.25,1
0.37,0.17,1
-0.02,0.17,1
-0.82,-0.23,1
-0.92,0.33,1
-0.48,-0.86,-1
0.5,0.48,1
0.17,-0.13,-1
0.29,0.97,1
0.94,0.09,1
-0.66,0.01,1
-0.17,0.68,1
-0.73,-0.68,-1
0.15,0.61,1
0.33,0.47,1
0.38,0.19,1
-0.18,0.52,1
-0.68,-0.39,1
0.69,-0.89,-1
-0.15,0.32,1
-0.06,-0.71,-1
-0.03,0.52,1
0.12,-0.77,-1
0.26,0.64,1
-0.16,0.41,1
0.88,0.24,1
0.73,-0.53,-1
-0.68,0.14,1
1,-0.57,1
0.92,-0.01,1
-0.91,0.5,1
-0.99,-0.95,1
-0.33,0.77,1
0.95,-0.6,1
0.98,0.29,1
0.32,0.22,1
1,-1,1
0.02,0.11,1
0.84,0.79,1
-0.23,-0.5,-1
0.41,-0.14,1
0.46,1,1
-0.34,-0.36,-1
0.82,0.47,1
-0.57,0.66,1
-0.14,-0.71,-1
-0.46,-0.99,-1
-1,-0.03,1
-0.54,0.07,1
-0.91,0.61,1
-0.78,-0.39,1
0.13,0.38,1
-0.26,-0.66,-1
-0.83,-0.93,-1
-0.8,0.69,1
0.68,0.81,1
0.15,-0.19,-1
-0.34,0.75,1
-0.68,0.07,1
0.82,-0.34,1
0.41,-0.13,-1
0.49,0.7,1
0.44,0.23,1
-0.14,-0.25,-1
-0.91,0.14,1
-0.53,0.45,1
-0.86,-0.7,1
0.5,-0.27,-1
0.87,-0.57,1
-0.66,0.19,1
0.2,-0.8,-1
0.3,0.94,1
0.49,0.27,1
-0.98,-0.27,1
0.08,-0.8,-1
0.74,0.81,1
-0.96,-0.61,1
0.15,0.38,1
0.35,0.69,1
0.85,-0.55,1
0.98,0.57,1
0.64,-0.11,1
-0.94,-0.72,1
-0.71,0.92,1
-0.63,0.68,1
0.56,-0.36,-1
-0.64,0.99,1
0.76,-0.19,1
0.99,-1,-1
-0.14,-0.85,-1
-0.23,0.55,1
-0.65,0.45,1
0.67,0.67,1
-0.51,-0.41,-1
-0.09,0.13,1
0.66,0.53,1
-0.61,0.91,1
0.3,0.61,1
0.67,-0.97,-1
0.35,-0.5,-1
-0.41,-0.78,-1
0.75,-0.57,1
0.46,-0.03,1
-0.35,0.91,1
0.36,0.29,1
-0.96,-0.12,1
0.88,0.45,1
0.5,-0.56,-1
-0.47,-0.69,-1
-0.68,-0.37,1
-0.33,-0.84,-1
0.79,0.92,1
0.62,-0.94,-1
0.63,0.93,1
0.39,-0.84,-1
-0.61,0.23,1
0.44,0.92,1
-0.32,0.62,1
-0.46,0.32,1
-0.12,-0.67,-1
-0.6,-0.49,-1
0.2,0.01,-1
-0.79,-0.98,-1
0.46,-0.42,-1
-0.8,-0.76,-1
0.12,0.28,1
-0.9,0.47,1
0.37,0.44,1
-0.58,0.28,1
-0.74,-0.73,-1
0.48,-0.38,-1
1,-0.68,1
0.45,-0.39,-1
0.51,0.98,1
-0.4,-0.38,-1
-0.53,0.32,1
-0.87,-0.7,-1
0,0.99,1
0.15,0.8,1
-0.7,-0.77,-1
0.32,-0.25,-1
0.27,-0.48,-1
0.07,-0.75,-1
-0.77,0.36,1
-0.62,-0.75,-1
0.55,-0.82,-1
0.5,0.48,1
0.27,0.78,1
-0.67,0.93,1
0.26,0.78,1
0.01,0.12,1
-0.71,0.77,1
0.81,0.9,1
0.21,-0.6,-1
0.04,0.67,1
-0.07,-0.19,-1
-0.57,-0.26,1
-0.1,0.56,1
-0.5,-0.53,-1
-0.59,-0.22,1
0.87,0.83,1
-0.66,0.39,1
0.44,-0.44,-1
-0.2,-0.22,-1
-0.3,-0.42,-1
-0.74,0.27,1
0.79,-0.1,1
0.73,0.55,1
-0.03,1,1
-0.54,0.61,1
-0.97,0.5,1
0.05,0.98,1
-0.02,0.21,1
0.26,0.75,1
0.47,0.49,1
-0.79,-0.38,1
-0.12,0.18,1
0.57,0.38,1
0.65,0.08,1
0.68,0.25,1
0.16,0.45,1
-0.01,-0.26,-1
0.73,-0.15,1
-0.02,0.79,1
-0.73,-0.32,1
-0.42,-0.93,-1
-0.25,-0.27,-1
-0.89,0.85,1
-0.14,0.11,1
-0.69,0.14,1
0.96,-0.08,1
-0.34,0.9,1
0.86,-0.19,1
-0.44,-0.87,-1
-0.21,0.26,1
0.11,0.4,1
0.24,0.64,1
0.16,0.94,1
0.46,-0.72,-1
0.18,0.65,1
0.99,-0.58,1
0.37,-0.34,-1
-0.96,-0.35,1
0.09,0.89,1
-1,0.55,1
0.52,0.49,1
-0.69,-0.88,-1
0.17,-0.21,-1
0.87,0.28,1
0.99,0.15,1
-0.72,-0.74,-1
-0.57,0.02,1
-0.17,0.4,1
-0.56,-0.74,-1
-0.79,0.16,1
0.35,0.45,1
-0.87,-0.74,1
0.1,-0.95,-1
-0.75,-0.01,1
0.13,-0.01,-1
-0.21,0.58,1
0.73,0.26,1
0.53,0.23,1
-0.44,-0.93,-1
0.84,0.29,1
0.7,-0.82,-1
-0.17,-0.53,-1
0.29,-0.69,-1
0.3,-0.17,-1
-0.2,0.04,-1
-0.82,0.64,1
-0.22,0.05,1
-0.64,0.05,1
0.69,-0.06,1
-0.07,0.05,1
-0.43,0.32,1
0.74,-0.4,1
0.71,0.92,1
-0.47,-0.81,-1
-0.77,0.94,1
0.92,0.17,1
0.87,0.57,1
0.25,-0.44,-1
0.82,0.62,1
0.47,-0.52,-1
0.62,-0.2,1
0.73,0.3,1
-0.21,-0.59,-1
-0.43,-0.26,-1
-0.08,0.92,1
0.67,0.94,1
-0.54,-0.76,-1
-0.28,0.16,1
0.48,-0.29,-1
-0.6,0.56,1
0.98,-0.97,-1
0.46,0.16,1
0.19,0.39,1
0.36,0.85,1
0.24,0.37,1
0.92,0.88,1
0.74,0.64,1
0.93,0.04,1
0.93,0.8,1
-0.44,0.04,1
0.14,0.59,1
0.73,-0.93,-1
0.54,-0.77,-1
0.4,0.66,1
-0.98,-0.43,1
-0.77,0.6,1
0.44,0.34,1
0.9,-0.2,1
-0.15,-0.88,-1
-1,0.77,1
0.46,0.88,1
0.13,-0.69,-1
0.66,0.55,1
-0.04,-0.02,1
-0.35,-0.04,1
-0.75,0.51,1
-0.71,0.4,1
0.35,0.13,1
-0.48,-0.61,-1
0.34,0.98,1
0.43,-0.02,1
0.66,0.42,1
0.76,-0.7,-1
-0.7,-0.8,-1
0.91,-0.87,-1
0.32,-0.2,1
0.49,-0.54,-1
-0.63,-0.33,-1
-0.47,-0.9,-1
0.88,-0.21,1
-0.84,-0.84,-1
-0.81,0.74,1
-0.35,0.97,1
0.37,0.17,1
0.37,0.91,1
-0.09,0.68,1
0.25,-0.89,-1
-0.2,0.92,1
0.51,-0.81,-1
0.89,-0.38,1
0.81,0.98,1
-0.99,-0.99,-1
-0.4,0.1,1
-0.04,0.25,1
0.66,-0.2,1
-0.47,-0.75,-1
0.63,0.66,1
-0.79,0.91,1
0.07,0.36,1
-0.33,-0.09,1
-0.58,0.11,1
0.32,0.45,1
-0.27,-0.9,-1
0.42,-0.96,-1
-0.9,-0.48,1
0.16,0.34,1
0.75,-0.9,-1
-0.6,-0.61,-1
-0.61,0.19,1
0.1,-0.83,-1
0.71,0.98,1
-0.66,0.21,1
-0.89,0.81,1
0.28,0.04,1
0.05,0.51,1
0.48,0.97,1
-0.3,-0.77,-1
0.53,-0.8,-1
-0.71,0.83,1
0,0.57,1
-0.82,-0.33,1
-0.93,-0.44,1
0.63,0.45,1
0.42,-0.85,-1
-0.13,-0.19,-1
-0.62,-0.84,-1
-0.41,-0.4,-1
0.76,0.67,1
-0.34,-0.06,1
-0.46,-0.78,-1
-0.46,-0.53,-1
0.03,-0.59,-1
-0.76,0.24,1
-0.5,0.38,1
0.01,0.56,1
-0.54,0.34,1
-0.11,-0.34,-1
-0.56,0.84,1
-0.71,0.03,1
-0.31,0.28,1
0.31,-0.11,1
0.15,0.04,1
0.56,0.23,1
0.24,-0.06,-1
0.62,-0.71,-1
0.23,-0.39,-1
0,-0.29,-1
-0.25,-0.79,-1
0.64,-0.27,1
-0.56,-0.06,1
-0.99,-0.05,1
0.33,0.62,1
0.35,0.4,1
-0.53,0.21,1
-0.21,-0.88,-1
0.67,-0.64,-1
-0.97,0.01,1
0.19,-0.86,-1
-0.42,-0.52,-1
0.77,0.7,1
-0.91,-0.77,1
0.45,-0.84,-1
-0.51,0.41,1
-0.36,0.89,1
-0.53,-0.22,1
-0.19,0.9,1
-0.73,-0.46,-1
0.48,-0.72,-1
0.37,-0.17,1
0.62,-0.22,1
0.17,-0.9,-1
0.19,0.02,1
0.89,0.2,1
-0.06,-0.48,-1
0.6,0.98,1
-0.26,-0.7,-1
0.24,-0.41,-1
-0.14,-0.29,-1
-0.47,-0.54,-1
-0.47,0.15,1
-0.91,-0.43,1
-0.75,0.73,1
-0.42,0.78,1
-0.86,-0.78,-1
0.82,-0.87,-1
-0.98,0.21,1
-0.34,0.47,1
-0.26,-0.27,-1
0.03,0.58,1
0.42,-0.49,-1
-0.46,0.37,1
-0.2,0.54,1
0.34,-0.77,-1
0.9,-0.03,1
-0.98,-0.4,1
0.34,-0.18,-1
0.87,-0.14,1
-0.39,0.88,1
-0.23,0.94,1
0.91,-0.84,-1
0.6,0.76,1
0.39,-0.29,-1
0.23,-0.3,-1
0.79,0.52,1
0.62,0.83,1
-0.1,-0.35,-1
1,0.11,1
0.99,-0.53,1
0.23,-0.88,-1
-0.94,0.12,1
0.06,0.54,1
-0.37,0.12,1
0.2,0.42,1
-0.98,-0.51,1
0.15,-0.16,-1
-0.83,0.81,1
0.84,-0.18,1
-0.58,0.7,1
-0.79,-0.41,1
0.6,0.22,1
-0.13,-0.4,-1
-0.35,-0.77,-1
0.02,-0.16,-1
0.25,0.88,1
0.32,-0.78,-1
-0.03,0.66,1
-0.66,0.73,1
0.43,-0.25,-1
-0.33,-0.52,-1
-0.79,-0.68,-1
0.77,-0.74,-1
0.66,0.85,1
-0.63,0.91,1
-0.44,0.06,1
-0.4,0.63,1
0.78,0,1
-0.94,-0.12,1
-0.44,-0.12,1
-0.28,-0.97,-1
-0.93,0.12,1
-0.56,-0.55,-1
0.86,-0.77,-1
-0.4,-0.89,-1
0.87,-0.44,1
0.59,-0.29,1
0.13,0.41,1
-0.66,-0.34,1
-0.46,0.63,1
0.13,-0.54,-1
0.14,0.4,1
0.82,-0.05,1
-0.72,-0.5,-1
0.16,0.98,1
0.4,-0.71,-1
0.16,0.16,1
-0.52,0.89,1
-0.16,0.16,1
0.74,-0.04,1
0.49,0.2,1
-0.84,-0.19,1
-0.71,-0.6,-1
-0.08,-0.7,-1
0.54,0.9,1
0.09,-0.61,-1
0.07,-0.69,-1
0.17,-0.64,-1
0.32,-0.53,-1
-0.78,-0.6,1
-0.37,0.14,1
0.23,0.54,1
-0.76,0.12,1
-0.72,-0.13,1
-0.45,0.04,1
-0.81,0.62,1
-0.1,0.54,1
-0.76,0.45,1
0.29,0.14,1
0.22,0.47,1
-0.44,0.37,1
0.44,-0.97,-1
-0.53,-0.03,1
-0.96,-0.47,1
-0.49,-0.8,-1
-0.18,0.39,1
0.39,-0.76,-1
0.25,-0.81,-1
0.2,-0.47,-1
-0.21,-0.36,-1
0.97,-0.88,-1
0.12,-1,-1
-0.97,-0.9,1
0.94,-0.43,1
-0.31,-0.79,-1
-0.94,-0.12,1
-0.86,0.08,1
-0.99,-0.58,1
0.85,0.81,1
-0.42,0.16,1
0.83,-0.45,1
0.27,0.45,1
0.32,-0.51,-1
-0.18,-0.14,-1
-0.32,0.36,1
-0.4,0.43,1
0.82,0.65,1
-0.99,-0.29,1
0.19,0.14,1
0.97,-0.67,1
-0.09,0.21,1
0.53,-0.05,1
0.8,0.42,1
-0.28,0.45,1
-0.47,-0.47,-1
-0.72,-0.86,-1
-0.38,-0.06,1
-0.02,-0.86,-1
0.59,-0.73,-1
0.78,-0.43,1
0.87,0.94,1
-0.63,-0.64,-1
0.72,0.97,1
-0.67,0.27,1
0.82,-0.4,1
0.8,0.55,1
0.24,-0.35,-1
-0.12,0.77,1
-0.96,-0.25,1
-0.19,-0.4,-1
-1,0.05,1
0.2,-0.76,-1
-0.45,0.16,1
-0.87,0.95,1
0.5,-0.3,-1
-0.81,-0.99,-1
-0.28,-0.35,-1
0.79,0.51,1
0.67,0.16,1
0.72,0.68,1
-1,-0.02,1
0.37,-0.41,-1
-0.53,-0.55,-1
-0.57,0.13,1
0.51,-0.85,-1
0.27,0.81,1
-0.11,0.19,1
0.34,-0.54,-1
-0.96,-0.13,1
0.91,-0.83,-1
-0.85,0.87,1
0.31,-0.07,-1
0.03,-0.51,-1
0.29,-0.83,-1
-0.69,0.11,1
0.12,-0.15,-1
0.31,-0.87,-1
0.31,0.56,1
-0.53,-0.53,-1
-0.55,-0.17,1
0.7,0.16,1
-0.37,-0.2,-1
0.77,0.07,1
0.6,0.47,1
-0.24,-0.95,-1
1,-0.93,-1
0.12,-0.48,-1
-0.51,0.86,1
0.87,-0.18,1
0.92,-0.87,-1
0.55,0.44,1
0.34,0.79,1
-0.55,-0.2,1
0.31,0.37,1
0.65,0.03,1
-0.79,0.07,1
-0.21,-0.58,-1
0.44,0.89,1
0.25,0.9,1
0.5,0.85,1
0.12,0.76,1
0,0.15,1
0.74,-0.73,-1
0.49,-0.01,1
-0.67,-0.41,1
0.2,0.62,1
-0.68,0.68,1
0.95,-0.11,1
-0.29,0.88,1
-0.04,0.12,1
-0.29,0.3,1
0.14,0.45,1
-0.62,-0.79,-1
0.44,-0.41,-1
0.91,-0.51,1
-0.03,-0.52,-1
-0.8,-0.39,1
-0.03,0.26,1
-0.94,-0.48,1
-0.83,0.49,1
-0.64,0.97,1
0.62,0.71,1
0.08,-0.9,-1
0.58,-0.03,1
-0.29,-0.98,-1
-0.07,0.82,1
-0.73,0.68,1
-0.7,0.53,1
0.2,0.27,1
0.58,-0.3,-1
-0.91,0.84,1
-0.91,-0.69,1
0.45,0.78,1
-0.73,0,1
0.84,-0.01,1
0.86,1,1
-0.45,-0.97,-1
0.57,-0.14,1
0.8,-0.33,1
0.08,-0.91,-1
-0.25,-0.06,1
-0.77,-0.03,1
-0.96,0.25,1
0.34,-0.39,-1
0.54,0.89,1
0.14,0.77,1
0.89,-0.64,1
0.06,0.52,1
-0.29,0.47,1
-0.84,-0.83,-1
0.51,-0.77,-1
-0.25,-0.25,-1
-0.78,-0.84,-1
-0.92,0.62,1
0.53,-0.87,-1
0.96,-0.18,1
-0.04,-0.37,-1
-0.35,-0.52,-1
0.35,0.55,1
0.7,-0.86,-1
-0.5,0.29,1
0.62,-0.88,-1
-0.06,-0.3,-1
-0.09,-0.37,-1
0.25,-0.64,-1
0.72,0.31,1
-0.81,0.09,1
0.67,-0.79,-1
0.56,-0.72,-1
0.84,-0.27,1
0.74,-0.45,1
-0.77,0.78,1
0.69,0.97,1
0.81,-0.83,-1
0.68,-0.05,1
-0.96,-0.13,1
-0.44,0.78,1
-0.97,0.18,1
0.36,-0.04,-1
-0.39,-0.58,-1
0.4,0.94,1
-0.94,-0.53,1
0.35,-0.36,-1
0.61,-0.96,-1
0.86,0.57,1
-0.19,0.06,1
-0.54,0.54,1
-0.19,-0.24,-1
0.21,0.05,1
0.78,0.11,1
0.31,0.11,1
0.38,0.72,1
0.3,0.21,1
-0.18,-0.3,-1
0.58,1,1
-0.61,-0.54,-1
-0.98,-0.6,1
0.69,-0.95,-1
-0.81,0.61,1
0.49,-0.92,-1
0.97,-0.13,1
-0.89,0.21,1
0.77,-0.32,1
0.84,0.49,1
0.85,-0.04,1
0.81,0.65,1
-0.22,0.97,1
-0.86,-0.29,1
-0.85,-0.38,1
-0.04,0.88,1
0,-0.22,-1
-0.61,-0.63,-1
-0.77,-0.95,-1
0.85,-0.39,1
0.92,0.37,1
0.76,0.23,1
-1,-0.99,1
-0.46,-0.85,-1
-0.74,-0.98,-1
0.58,-0.22,1
0.22,0.37,1
-0.55,-0.04,1
0.65,0.67,1
0.78,0.65,1
0.58,0.8,1
-0.13,0.17,1
-0.33,-0.64,-1
0.5,0.75,1
-0.06,-0.23,-1
0.28,-0.94,-1
0.09,0.85,1
-0.86,0.28,1
0.96,-0.29,1
-0.16,-0.91,-1
0.84,-0.36,1
-0.43,-0.23,-1
-0.41,0.83,1
0.89,-0.49,1
-0.88,-0.31,1
-0.4,-0.39,-1
0.81,0.47,1
-0.63,0.63,1
-0.7,0.81,1
0.42,0.33,1
0.13,0.67,1
0.12,-0.15,-1
0.43,0.96,1
0.17,-0.99,-1
-0.89,-0.52,1
0.93,0.23,1
0.27,-0.94,-1
0.6,0.67,1
-0.46,-0.74,-1
0.72,0.36,1
-0.82,-0.62,1
-0.75,-0.12,1
0.35,0.31,1
0.64,-0.2,1
-0.9,-0.31,1
0.83,-0.84,-1
0.33,0.56,1
0.77,0.91,1
-0.24,-0.26,-1
-0.54,0.73,1
0.41,-0.3,-1
0.63,-0.23,1
0.97,-0.41,1
0.27,0.79,1
-0.42,0.75,1
0.62,-0.98,-1
0.93,-0.07,1
-0.33,-0.75,-1
0.2,0.34,1
0.89,-0.48,1
0.43,0.87,1
0.03,0.41,1
-0.74,-0.25,1
-0.24,-0.29,-1
0.48,0.24,1
0.42,0.24,1
-0.39,-0.58,-1
0.61,-0.01,1
0.24,-0.62,-1
-0.8,0.15,1
0.54,-0.56,-1
0.94,-0.62,1
-0.15,0.25,1
-0.1,0.11,1
-0.66,0.38,1
-0.6,0.22,1
-0.78,-0.93,-1
-0.62,-0.55,-1
-0.64,0.88,1
0.23,-0.44,-1
-0.58,0.27,1
-0.57,0.7,1
0.12,-0.3,-1
-0.08,0.82,1
-0.95,-0.64,1
0.13,-0.52,-1
-0.28,-0.86,-1
0.33,-0.78,-1
-0.49,0.99,1
-0.67,-0.63,-1
-0.35,-0.93,-1
-0.49,-0.15,-1
0.1,0.34,1
0.7,0.55,1
0.49,0.65,1
-0.44,0.81,1
-0.41,0.46,1
0.04,-0.6,-1
-0.09,-0.5,-1
0.6,-0.92,-1
-0.39,-0.73,-1
-0.68,-0.59,-1
-0.29,0.81,1
-0.7,-0.33,1
0.97,-1,-1
0.79,0.42,1
-0.8,0.48,1
0.02,0.46,1
0,-0.3,-1
0.11,0.27,1
1,0.31,1
0.25,-0.68,-1
0.95,-0.25,1
0.41,-0.69,-1
-0.41,-0.07,1
0.27,0.61,1
-0.9,0.46,1
-0.62,-0.86,-1
1,-0.8,1
-0.14,-0.64,-1
0.2,-0.5,-1
0.21,-0.21,-1
-0.7,0.69,1
-0.53,0.3,1
-0.36,0.52,1
-0.28,-0.51,-1
-0.78,-0.92,-1
-0.93,-0.31,1
-0.71,0.02,1
-0.45,-0.69,-1
-0.38,0.19,1
-0.85,0,1
0.62,0.6,1
-0.8,0.86,1
-0.77,0.34,1
0.08,0.85,1
0.19,0.65,1
0.33,-0.4,-1
-0.3,0.47,1
0.3,0.68,1
-0.92,0.43,1
0.36,0.28,1
-0.55,-0.11,1
0.88,0.99,1
0.5,-0.01,1
-0.56,0.16,1
-0.23,-0.45,-1
0.49,0.08,1
0.08,0.55,1
-0.46,-0.13,1
-0.74,-0.34,1
0.07,0.29,1
-0.98,0.79,1
-0.12,-0.11,-1
0.16,0.59,1
-0.81,0.13,1
-0.26,0.71,1
0.56,-0.11,1
0.77,0.57,1
-0.5,0.2,1
-0.94,0.57,1
0.8,-0.49,1
0.9,0.44,1
-0.99,-1,-1
-0.67,-0.33,1
0.53,-0.45,-1
-0.57,0.37,1
-0.5,0.39,1
0.96,-0.32,1
0.36,0.32,1
0,-0.83,-1
0.21,0,1
0.17,-0.22,-1
-0.6,0.5,1
0.67,-0.24,1
0.28,-0.04,1
-0.58,-0.53,-1
0.55,-0.01,1
0.14,0.01,-1
-0.34,-0.16,-1
0.56,0.32,1
0.78,-0.47,1
0.55,-0.48,-1
0.57,-0.49,-1
0.07,0.29,1
-0.43,0.03,1
-0.78,-0.58,1
-0.97,-0.88,-1
-0.07,0.04,1
-0.42,0.26,1
0.5,-0.54,-1
0.98,0.75,1
0.02,-0.62,-1
0.8,-0.19,1
0.62,0.59,1
-0.5,0.7,1
0.46,0,1
0.59,0.1,1
-0.64,0.08,1
0.2,0.57,1
-0.69,0.64,1
0.42,0.24,1
-0.83,-0.98,-1
-0.48,0.98,1
0.59,0.5,1
0.99,0.33,1
0.08,-0.78,-1
-0.95,0.51,1
-0.02,0.1,1
0.53,-0.05,1
-0.38,0.8,1
0.14,0.86,1
-0.64,-0.24,1
0.47,0.46,1
-0.09,0.09,-1
-0.01,-0.84,-1
0.09,-0.08,1
-0.88,-0.07,1
-0.26,-0.68,-1
-0.26,-0.7,-1
-0.87,-0.35,1
-0.79,0.84,1
0.59,-0.97,-1
0.07,0.65,1
0.51,-0.48,-1
0.38,-0.39,-1
-0.18,0.91,1
-0.27,-0.22,-1
-0.31,0.09,1
0.01,0.82,1
0.19,0.9,1
-0.44,0.41,1
-0.48,-0.93,-1
-0.29,0.88,1
0.34,0.36,1
-0.96,0.92,1
-0.44,0.8,1
-0.02,0.29,1
-0.71,-0.78,-1
-0.83,0.36,1
-0.44,-0.75,-1
0.37,0.49,1
0.05,-0.47,-1
0.66,0.71,1
0.63,-0.31,-1
-0.14,-0.89,-1
-0.19,0.4,1
-0.43,-0.92,-1
-0.71,0.74,1
0.26,-0.08,1
0.88,-0.07,1
0.92,0.67,1
-0.03,0.58,1
0.35,0.03,1
-0.37,0.98,1
0.29,-0.17,-1
-0.31,0.24,1
-0.8,0.88,1
-0.49,-0.22,1
-0.92,-0.23,1
-0.37,0.07,1
0.36,0.6,1
-0.3,-0.06,-1
0.27,0.46,1
0.47,-0.21,-1
0.75,-0.93,-1
0.06,0.2,1
0.14,0.02,1
0.17,0.27,1
-0.31,0.43,1
0.94,0.45,1
-0.67,-0.14,1
-0.71,-0.29,1
-0.51,0.85,1
-0.22,0.67,1
0.49,0.09,1
-0.7,0.84,1
0.53,0.24,1
-0.84,-0.44,1
-0.51,0.61,1
0.79,-0.24,1
-0.64,-0.19,1
-0.3,0.74,1
-0.11,-0.91,-1
0.8,-0.12,1
0.29,-0.65,-1
0.07,-0.59,-1
0.32,0.52,1
0.76,0.25,1
0.97,0.31,1
0.95,0.83,1
-0.05,-0.64,-1
-0.54,0.69,1
0.7,0.94,1
-0.26,-0.27,-1
0.08,-0.09,-1
-0.08,-0.24,-1
-0.12,-0.67,-1
-0.19,-0.43,-1
-0.19,0.75,1
0.07,0.19,1
-0.75,-0.28,1
0.32,0.82,1
0.15,0.12,1
0.76,0.91,1
-0.78,0.4,1
0.58,0.37,1
-0.38,-0.17,1
-0.92,0.56,1
-0.73,0.1,1
0.74,0.02,1
-0.18,0.89,1
0.39,-0.85,-1
0.26,0.91,1
-0.23,-0.27,-1
0.17,-0.89,-1
0.72,1,1
0.16,0.92,1
0.56,0.34,1
-0.42,-0.04,1
-0.32,-0.82,-1
-0.75,1,1
0.63,0.87,1
-0.94,-0.04,1
-0.09,-0.65,-1
-0.39,-0.74,-1
0.03,-0.55,-1
0.25,-0.27,-1
-0.43,-0.03,1
-0.07,-0.6,-1
0.27,0.14,1
-0.27,0.98,1
0.98,0.94,1
0.34,0.12,1
0.51,0.92,1
0.9,0.52,1
-0.72,-0.08,1
0.79,0.09,1
-0.86,0.89,1
0.42,0.07,1
0.32,0.59,1
0.06,0.07,-1
0.11,-0.25,-1
-0.81,-0.8,-1
0.32,0.48,1
-0.62,-0.01,1
-0.08,0.26,1
0.51,0.35,1
-0.53,-0.07,1
-0.01,0.74,1
0.98,0.09,1
0.29,-0.17,-1
0.42,0.9,1
-0.16,-0.44,-1
-0.14,0.07,1
0.85,0.01,1
-0.97,0.11,1
-0.11,0.38,1
-0.64,0.8,1
-0.17,0.45,1
0.27,-0.24,-1
-0.47,-0.26,-1
-0.1,0.33,1
0.83,0.7,1
-0.03,0.33,1
-0.91,-0.07,1
-0.43,0.74,1
0.8,-0.57,1
0.4,0.41,1
-0.28,-0.82,-1
-0.93,-0.22,1
0.64,-0.82,-1
0.16,0.58,1
0.26,-0.39,-1
-0.09,-0.54,-1
-0.19,0.79,1
-0.73,-0.52,1
0.84,0.44,1
0.99,0.58,1
0.94,0.63,1
-0.16,-0.99,-1
-0.85,0.64,1
0.32,-0.08,1
-0.24,0.65,1
-0.14,0.65,1
0.84,-0.3,1
0.01,0.74,1
-0.11,0.27,1
0.77,0.27,1
0.42,-0.21,-1
-0.66,0.31,1
0.18,0.08,1
0.51,0.26,1
-0.87,0.65,1
0.71,0.64,1
-0.98,-0.41,1
0.47,0.49,1
0.65,-0.85,-1
0.4,-0.53,-1
0.31,-0.12,1
-0.49,-0.69,-1
0.71,-0.97,-1
-0.23,0.01,1
0.31,0.71,1
0.34,0.26,1
-0.92,-0.69,1
-0.85,-0.77,-1
0.48,0.5,1
0.52,-0.52,-1
0.17,0.32,1
0.88,0.7,1
0.96,-0.81,1
0.29,-0.69,-1
0.45,0.66,1
-0.99,-0.33,1
-0.53,-0.64,-1
-0.32,0.79,1
0.29,0.16,1
-0.71,-0.32,1
0.02,-0.17,-1
-0.36,-0.67,-1
-0.23,-0.06,-1
-0.92,-0.14,1
-0.7,0.58,1
-0.79,0.1,1
-0.95,-0.95,-1
-0.15,-0.56,-1
-0.09,-0.53,-1
-0.69,-0.71,-1
0.45,0.06,1
1,-0.1,1
0.47,0.5,1
0.45,0.32,1
-0.9,0.71,1
-0.74,0.17,1
-0.34,0.52,1
-0.91,-0.08,1
-0.21,0.62,1
-0.22,-0.29,-1
0.76,-0.96,-1
-0.59,0.19,1
0.16,-0.04,-1
0.37,-0.29,-1
-0.78,-0.97,-1
-0.95,0.62,1
-0.6,-0.56,-1
0.64,0.49,1
-0.92,-0.9,1
0.74,0.37,1
0.7,0.54,1
0.55,-0.19,1
0.18,-0.4,-1
0.78,-0.85,-1
-0.17,-0.01,-1
0.39,0.93,1
0.68,-0.4,1
0.31,0.1,1
-0.54,-0.38,-1
-0.03,-0.57,-1
-0.12,0.29,1
0.25,-0.73,-1
-0.17,-0.06,1
0.53,0.06,1
-0.26,-0.31,-1
0.03,-0.27,-1
-0.25,0.69,1
-0.18,-0.02,-1
0.78,0.49,1
-0.51,0.97,1
-0.79,-0.11,1
-0.99,-0.09,1
-0.05,-0.35,-1
0.17,-0.76,-1
-0.67,-0.95,-1
-0.73,-0.81,-1
0.75,0.83,1
-0.61,0.55,1
0.3,-0.34,-1
-0.1,0.69,1
-0.97,0.93,1
0.7,0.62,1
0.25,-0.26,-1
-0.67,-0.41,1
-0.95,0.44,1
-0.04,-0.38,-1
-0.06,-0.5,-1
-0.21,0.87,1
0.08,-0.91,-1
0.15,-0.77,-1
0.85,0.73,1
-0.43,-0.63,-1
0.64,-0.56,-1
0.75,0.24,1
0.57,-0.87,-1
0.65,-0.97,-1
0.4,-0.5,-1
-0.76,0.74,1
0.23,-0.47,-1
-0.05,0.99,1
-0.12,0.5,1
0.95,0.82,1
-0.27,0.45,1
0.58,-0.15,1
0.94,-0.73,1
-0.92,-0.2,1
-0.72,0.81,1
0.84,-0.96,-1
0.19,0.74,1
-0.61,-0.54,-1
-0.15,0.69,1
-0.86,0.55,1
0.37,0.83,1
-0.31,-0.81,-1
0.39,-0.58,-1
0.28,-0.02,-1
-0.67,0.15,1
0.47,0.49,1
0.17,-0.86,-1
0.96,-0.41,1
-0.87,0.13,1
0.12,-0.13,-1
-0.15,-0.54,-1
0,-0.54,-1
0.99,-0.36,1
-0.43,0.5,1
0.29,-0.85,-1
0.99,0.6,1
0.43,-0.11,-1
-0.21,0.2,1
-0.39,-0.05,1
-0.69,0.49,1
0.38,0.07,1
0.17,-0.03,1
-0.5,-0.32,-1
-0.19,0.26,1
-0.44,-0.48,-1
0.37,-0.23,1
-0.88,0.51,1
0.03,0.39,1
0.31,0.32,1
-0.39,0.74,1
-0.94,0.3,1
0.04,-0.04,1
-0.04,-0.34,-1
-0.85,0.31,1
0.67,-0.69,-1
-0.11,0.35,1
-0.84,0.73,1
0.28,-0.26,-1
-0.86,0.26,1
0.86,0.86,1
-0.01,-0.25,-1
0.41,0.8,1
-0.17,0.96,1
-0.39,0.78,1
-0.77,-0.45,1
-0.26,0.98,1
-0.79,0.27,1
-0.29,0.79,1
0.24,-0.85,-1
-0.13,-0.25,-1
0.08,0.75,1
-0.73,-0.09,1
0.04,0.32,1
0.7,0.48,1
-0.96,-0.56,1
0.7,-0.06,1
-0.84,0.09,1
-0.82,0.17,1
-0.06,0.94,1
-0.69,0.12,1
-0.28,-0.24,-1
-0.88,0.92,1
0.85,0.03,1
0.71,0.97,1
0.26,-0.18,-1
-0.15,0.72,1
0.83,-0.55,1
-0.59,-0.96,-1
-0.18,-0.57,-1
0.7,0,1
0.73,0.46,1
0.73,0.07,1
-0.18,-0.5,-1
0.95,-0.77,1
0.78,0.42,1
0.37,-0.29,-1
0.71,-0.74,-1
-0.45,0.09,1
0.4,-0.79,-1
0.77,-0.38,1
-0.15,0.73,1
0.65,0.65,1
0.48,0.38,1
0.7,0.18,1
-0.4,-0.48,-1
0.72,-0.57,1
-0.23,-0.75,-1
-0.12,0.42,1
-0.42,-0.25,-1
-0.72,-0.54,1
0.61,-0.22,1
0.65,-0.01,1
0.76,-0.98,-1
-0.95,-0.35,1
-0.91,0.17,1
-0.52,0.37,1
-0.35,0.18,1
-0.05,0.94,1
-0.13,0.98,1
-0.82,0.02,1
0.03,0.07,1
-0.45,-0.23,-1
0.68,0.62,1
0.61,-0.65,-1
-0.47,-0.35,-1
-0.38,-0.74,-1
0.69,-0.09,1
-0.1,-0.47,-1
-0.33,-0.24,-1
-0.79,-0.16,1
0.3,0.23,1
0.71,0.71,1
-0.5,-0.3,-1
0.39,-0.38,-1
-0.01,0.48,1
0.67,0.63,1
0.16,0.08,1
0.14,-0.89,-1
-0.69,-0.02,1
0.11,0.12,1
0.84,0.56,1
-0.33,0.07,1
0.21,0.24,1
0.25,0.82,1
0.74,0.12,1
-0.34,0.64,1
-0.65,-0.72,-1
0.49,-0.86,-1
-0.35,0.55,1
-0.54,-0.26,-1
-0.65,0.64,1
0.74,-0.93,-1
-1,-0.32,1
0.38,0.21,1
-0.63,-0.87,-1
-0.77,-1,-1
0.97,-0.27,1
-0.9,0.59,1
0.87,0.6,1
-0.83,0.52,1
0.76,-0.07,1
0.84,0.93,1
0.31,0.29,1
0.01,-0.05,1
0.84,0.72,1
0.16,0.48,1
-0.83,0.59,1
0.81,0.12,1
-0.11,0.6,1
0.59,0.86,1
0.06,0.92,1
0.21,-0.34,-1
-0.27,0.88,1
-0.78,0.77,1
-0.8,0.53,1
0.64,-0.26,1
-0.06,-0.18,-1
-0.14,0.34,1
0.49,-0.25,-1
-0.6,-0.51,-1
-0.2,-0.32,-1
0.05,-0.9,-1
-0.74,0.79,1
0.72,0.69,1
0.27,-0.01,1
0.7,-0.65,-1
-0.38,0.96,1
0.98,-0.36,1
-0.09,0.8,1
-0.38,0.58,1
0.66,-0.21,1
0.3,0,1
0.48,-0.7,-1
-0.24,-0.92,-1
0.5,0.13,1
0.42,0.67,1
-0.81,0.71,1
-0.36,0.21,1
-0.16,-0.93,-1
-0.91,-0.78,1
0.93,-0.57,1
0.02,0.73,1
-0.37,-0.36,-1
-0.59,0.09,1
0.46,-0.35,-1
0.53,0.09,1
-1,0.4,1
-0.8,0.31,1
-0.71,-0.61,-1
-0.73,0.59,1
-0.36,0.41,1
-0.45,-0.08,1
-0.7,0.75,1
0.57,-0.49,-1
-0.13,-0.16,-1
-0.44,-0.49,-1
-0.66,-0.25,1
0.15,-0.13,-1
-0.85,-0.75,1
-0.02,0.36,1
-0.82,0.41,1
-0.07,0.76,1